,,,,LUNI,,,,,,,MARTI,,,,,,,MIERCURI,,,,,,,JOI,,,,,,,VINERI,,,,,,,SÂMBATA,,,,,,,
Anul,Spec.,Grupa,Sgr.,8-00-9-50,10-00-11-50,12-00-13-50,14-00-15-50,16-00-17-50,18-00-19-50,20-00-21-50,8-00-9-50,10-00-11-50,12-00-13-50,14-00-15-50,16-00-17-50,18-00-19-50,20-00-21-50,8-00-9-50,10-00-11-50,12-00-13-50,14-00-15-50,16-00-17-50,18-00-19-50,20-00-21-50,8-00-9-50,10-00-11-50,12-00-13-50,14-00-15-50,16-00-17-50,18-00-19-50,20-00-21-50,8-00-9-50,10-00-11-50,12-00-13-50,14-00-15-50,16-00-17-50,18-00-19-50,20-00-21-50,8-00-9-50,10-00-11-50,12-00-13-50,14-00-15-50,16-00-17-50,18-00-19-50,20-00-21-50,
1.0,MI,10LF131,A,Engleza-C-PIII1- Schwab_A,GS-S-PP6- Minculete_N,Alg-S-PP6- Aldea_C_N,PE-C-PIII2- Beldianu_I,,,,PE-S-PIII2- Stoica_R,GS-C-PIII2- Minculete_N,,,AP-C-PII1- Monescu_V,SD-L-PP5- Popa_I_I,,,,SD-C-PII1- Plajer_I_C,AR-S-PII1- Anghelina_B,AP-L-PP5- Monescu_V,,,,SA-C-PIII2- Florea_O_A,Alg-C-PI2- Aldea_C_N,AR-C-PI2- Miculescu_R,AR-C-PI2- Miculescu_R,,,,,,,,,,,,,,,,,
,,,,Engleza-S-PIII2- Schwab_A,,,,,,,,,,,,,,,,,,,AR-S-PII1- Anghelina_B,,,SA-L-PP5- Florea_O_A,,,,,,,,,,,,,,,,,,,,
,,,B,Engleza-C-PIII1- Schwab_A,,,,,,,,,,,,SD-L-PP5- Popa_I_I,,,,,,,,,,SA-C-PIII2- Florea_O_A,,,AR-C-PI2- Miculescu_R,,,,,,,,,,,,,,,,,
,,,,Engleza-S-PIII2- Schwab_A,,,,,,,,,,,,,,,,,,,AR-S-PII1- Anghelina_B,,,SA-L-PP5- Florea_O_A,,,,,,,,,,,,,,,,,,,,
,,10LF132,A,Engleza-C-PIII1- Schwab_A,Alg-S-PII2- Aldea_C_N,GS-S-PII2- Minculete_N,PE-C-PIII2- Beldianu_I,,,,PE-S-PIII2- Stoica_R,GS-C-PIII2- Minculete_N,,,AP-C-PII1- Monescu_V,,,,,SD-C-PII1- Plajer_I_C,AP-L-PP5- Monescu_V,AR-S-PII1- Anghelina_B,AR-S-PII1- Anghelina_B,,,SA-C-PIII2- Florea_O_A,Alg-C-PI2- Aldea_C_N,AR-C-PI2- Miculescu_R,AR-C-PI2- Miculescu_R,,,,,,,,,,,,,,,,,
,,,,Engleza-S-PIII2- Schwab_A,,,,,,,,,,,,SD-L-PP5- Popa_I_I,,,,,,,,,SA-L-PP5- Florea_O_A,,,,,,,,,,,,,,,,,,,,,
,,,B,Engleza-C-PIII1- Schwab_A,,,,,,,,,,,,,,,,,,,AR-S-PII1- Anghelina_B,,,SA-C-PIII2- Florea_O_A,,,AR-C-PI2- Miculescu_R,,,,,,,,,,,,,,,,,
,,,,Engleza-S-PIII2- Schwab_A,,,,,,,,,,,,SD-L-PP5- Popa_I_I,,,,,,,,,SA-L-PP5- Florea_O_A,,,,,,,,,,,,,,,,,,,,,
1.0,I,10LF231,A,Engleza-C-PIII1- Schwab_A,AM-C-PIII1- Dimitriu_M,FAI-C-PIII1- Manea_A_L,PE-C-PIII2- Beldianu_I,,,,FAI-S-PII1- Manea_A_L,AF-S-PII1- Majercsik_L,LMC-S-PII2- Majercsik_L,,,,,,,,FP-L-PII5- Spridon_D_E,,,,PE-S-PII1- Stoica_R,,RCSS-C-PIII2- Soica_S,LMC-C-PIII1- Ciupala_L_A,AF-C-PIII1- Baicoianu_A,FP-C-PIII1- Deaconu_A_M,,,AF-L-PP5- Majercsik_L,AM-S-PI1- Dimitriu_M,,,,,,,,,,,,
,,,,AM-C-PIII1- Dimitriu_M,,,,,,,,RCSS-S-PII1- Soica_S,Engleza-S-PII1- Schwab_A,,,,,,,,,,,,,,,,,,,,,,,,,,,,,,,,,
,,,B,Engleza-C-PIII1- Schwab_A,,,,,,,,AF-S-PII1- Majercsik_L,LMC-S-PII2- Majercsik_L,,,,,,,,,,,,,,RCSS-C-PIII2- Soica_S,,,,,,,,,,,,,,,,,,,
,,,,AM-C-PIII1- Dimitriu_M,,,,,,,,RCSS-S-PII1- Soica_S,Engleza-S-PII1- Schwab_A,,,,,,,,,,,,,,,,,,,,,,,,,,,,,,,,,
,,10LF232,A,Germana-C-PIII2- Serbu_C,AM-C-PIII1- Dimitriu_M,FAI-C-PIII1- Manea_A_L,PE-C-PIII2- Beldianu_I,,,,AM-S-PI1- Dimitriu_M,RCSS-S-PI1- Soica_S,,,,,,,,,AF-L-PIII4- Majercsik_L,FP-L-PII5- Spridon_D_E,,,PE-S-PII1- Stoica_R,,RCSS-C-PIII2- Soica_S,LMC-C-PIII1- Ciupala_L_A,AF-C-PIII1- Baicoianu_A,FP-C-PIII1- Deaconu_A_M,,FAI-S-PI1- Manea_A_L,,,,,,,,,,,,,,
,,,,AM-C-PIII1- Dimitriu_M,,,,,,,,AF-S-PI1- Majercsik_L,LMC-S-PII2- Majercsik_L,Germana-S-PI1- Serbu_C,,,,,,,,,,,,,,,,,,,,,,,,,,,,,,,,
,,,B,Germana-C-PIII2- Serbu_C,,,,,,,,RCSS-S-PI1- Soica_S,,,,,,,,,,,,,,,RCSS-C-PIII2- Soica_S,,,,,,,,,,,,,,,,,,,
,,,,AM-C-PIII1- Dimitriu_M,,,,,,,,AF-S-PI1- Majercsik_L,LMC-S-PII2- Majercsik_L,Germana-S-PI1- Serbu_C,,,,,,,,,,,,,,,,,,,,,,,,,,,,,,,,
,,10LF233,A,Germana-C-PIII2- Serbu_C,AM-C-PIII1- Dimitriu_M,FAI-C-PIII1- Manea_A_L,PE-C-PIII2- Beldianu_I,,,,,FAI-S-PI2- Manea_A_L,RCSS-S-PI2- Soica_S,FP-L-PII4- Spridon_D_E,,,,,,,,,,,PE-S-PII1- Stoica_R,,RCSS-C-PIII2- Soica_S,LMC-C-PIII1- Ciupala_L_A,AF-C-PIII1- Baicoianu_A,FP-C-PIII1- Deaconu_A_M,,,AM-S-PI1- Dimitriu_M,AF-L-PP5- Popa_I_I,AF-S-PP5- Popa_I_I,,,,,,,,,,,
,,,,AM-C-PIII1- Dimitriu_M,,,,,,,LMC-S-PP5- Majercsik_L,,Germana-S-PI2- Serbu_C,,,,,,,,,,,,,,,,,,,,,,,,,,,,,,,,,
,,,B,Germana-C-PIII2- Serbu_C,,,,,,,,,RCSS-S-PI2- Soica_S,,,,,,,,,,,,,,RCSS-C-PIII2- Soica_S,,,,,,,,AF-S-PP5- Popa_I_I,,,,,,,,,,,
,,,,AM-C-PIII1- Dimitriu_M,,,,,,,LMC-S-PP5- Majercsik_L,,Germana-S-PI2- Serbu_C,,,,,,,,,,,,,,,,,,,,,,,,,,,,,,,,,
,,10LF234,A,Germana-C-PIII2- Serbu_C,AM-C-PIII1- Dimitriu_M,FAI-C-PIII1- Manea_A_L,PE-C-PIII2- Beldianu_I,,,,LMC-S-PP5- Majercsik_L,AM-S-PP6- Dimitriu_M,Germana-S-PI1- Serbu_C,,,,,,,,,,,,PE-S-PII1- Stoica_R,,RCSS-C-PIII2- Soica_S,LMC-C-PIII1- Ciupala_L_A,AF-C-PIII1- Baicoianu_A,FP-C-PIII1- Deaconu_A_M,,,FAI-S-PII1- Manea_A_L,FP-L-PII5- Spridon_D_E,,AF-L-PP5- Popa_I_I,,,,,,,,,,
,,,,AM-C-PIII1- Dimitriu_M,,,,,,,,,RCSS-S-PI1- Soica_S,,,,,,,,,,,,,,,,,,,,,,AF-S-PP5- Popa_I_I,,,,,,,,,,,
,,,B,Germana-C-PIII2- Serbu_C,,,,,,,LMC-S-PP5- Majercsik_L,,Germana-S-PI1- Serbu_C,,,,,,,,,,,,,,RCSS-C-PIII2- Soica_S,,,,,,,,,,,,,,,,,,,
,,,,AM-C-PIII1- Dimitriu_M,,,,,,,,,RCSS-S-PI1- Soica_S,,,,,,,,,,,,,,,,,,,,,,AF-S-PP5- Popa_I_I,,,,,,,,,,,
1.0,IA,10LF331,A,Engleza-C-PIII1- Schwab_A,AM-C-PIII1- Dimitriu_M,FAI-C-PIII1- Manea_A_L,PE-C-PIII2- Beldianu_I,,,,PE-S-PIII2- Stoica_R,RCSS-L-PII3- Sasu_A,Engleza-S-PP1- Schwab_A,LMC-S-PII1- Majercsik_L,AF-S-PP5- Popa_I_I,,,AF-L-PII5- Majercsik_L,AM-S-PII1- Dimitriu_M,FAI-S-PI1- Manea_A_L,FP-L-PII4- Duca_D_M,,,,RCSS-C-PI2- Sasu_A,,,LMC-C-PIII1- Ciupala_L_A,AF-C-PIII1- Baicoianu_A,FP-C-PIII1- Deaconu_A_M,,,,,,,,,,,,,,,,
,,,,AM-C-PIII1- Dimitriu_M,,,,,,,,,,,,,,,,,,,,,,,,,,,,,,,,,,,,,,,,,,
,,,B,Engleza-C-PIII1- Schwab_A,,,,,,,,,Engleza-S-PP1- Schwab_A,LMC-S-PII1- Majercsik_L,AF-S-PP5- Popa_I_I,,,,,,,,,,RCSS-C-PI2- Sasu_A,,,,,,,,,,,,,,,,,,,,,
,,,,AM-C-PIII1- Dimitriu_M,,,,,,,,,,,,,,,,,,,,,,,,,,,,,,,,,,,,,,,,,,
,,10LF332,A,Germana-C-PIII2- Serbu_C,AM-C-PIII1- Dimitriu_M,FAI-C-PIII1- Manea_A_L,PE-C-PIII2- Beldianu_I,,,,PE-S-PIII2- Stoica_R,,FP-L-PII7- Duca_D_M,Germana-S-PI1- Serbu_C,AF-S-PI1- Baicoianu_A,,,FAI-S-PII2- Manea_A_L,AF-L-PII5- Majercsik_L,AM-S-PP5- Dimitriu_M,,,,,RCSS-C-PI2- Sasu_A,RCSS-L-PII3- Sasu_A,,LMC-C-PIII1- Ciupala_L_A,AF-C-PIII1- Baicoianu_A,FP-C-PIII1- Deaconu_A_M,,LMC-S-PII1- Majercsik_L,,,,,,,,,,,,,,
,,,,AM-C-PIII1- Dimitriu_M,,,,,,,,,,,,,,,,,,,,,,,,,,,,,,,,,,,,,,,,,,
,,,B,Germana-C-PIII2- Serbu_C,,,,,,,,,,Germana-S-PI1- Serbu_C,AF-S-PI1- Baicoianu_A,,,,,,,,,,RCSS-C-PI2- Sasu_A,,,,,,,LMC-S-PII1- Majercsik_L,,,,,,,,,,,,,,
,,,,AM-C-PIII1- Dimitriu_M,,,,,,,,,,,,,,,,,,,,,,,,,,,,,,,,,,,,,,,,,,
,,10LF333,A,Germana-C-PIII2- Serbu_C,AM-C-PIII1- Dimitriu_M,FAI-C-PIII1- Manea_A_L,PE-C-PIII2- Beldianu_I,,,,PE-S-PIII2- Stoica_R,Germana-S-PP1- Serbu_C,RCSS-L-PII3- Sasu_A,FP-L-PII7- Duca_D_M,,,,AM-S-PII1- Dimitriu_M,FAI-S-PII2- Manea_A_L,AF-L-PII5- Majercsik_L,,,,,RCSS-C-PI2- Sasu_A,,,LMC-C-PIII1- Ciupala_L_A,AF-C-PIII1- Baicoianu_A,FP-C-PIII1- Deaconu_A_M,,,,,,,,,,,,,,,,
,,,,AM-C-PIII1- Dimitriu_M,,,,,,,,,,,AF-S-PI1- Baicoianu_A,,,,,,,,,,,,,,,,,LMC-S-PII1- Majercsik_L,,,,,,,,,,,,,,
,,,B,Germana-C-PIII2- Serbu_C,,,,,,,,Germana-S-PP1- Serbu_C,,,,,,,,,,,,,RCSS-C-PI2- Sasu_A,,,,,,,,,,,,,,,,,,,,,
,,,,AM-C-PIII1- Dimitriu_M,,,,,,,,,,,AF-S-PI1- Baicoianu_A,,,,,,,,,,,,,,,,,LMC-S-PII1- Majercsik_L,,,,,,,,,,,,,,
1.0,IAG,10LF431,A,Engleza-C-PIII1- Schwab_A,,AM-C-PIII2- Chirila_A,PE-C-PIII2- Beldianu_I,,,,,,Birotica-C-PIII2- Enache-David_N,AF-C-PIII2- Ciupala_L_A,TSI-C-PIII2- Carstea_C_G,TSI-L-PII3- Carstea_C_G,,PJ-L-PII6- Nanau_C_S,PJ-L-PII6- Nanau_C_S,AF-L-PII7- Ciupala_L_A,,,,,PE-S-PII1- Stoica_R,Bir-L-PII4- Duca_D_M,AM-S-PII1- Chirila_A,PJ-C-PII1- Sangeorzan_L,,,,,,,,,,,,,,,,,,
,,,,,Engleza-C-PIII2- Schwab_A,,,,,,,,,,,,,,AF-S-PP1- Ciupala_L_A,,,,,,,,,,,,,,,,,,,,,,,,,,,
,,,B,Engleza-C-PIII1- Schwab_A,,,,,,,,,,,,TSI-L-PII3- Carstea_C_G,,,PJ-L-PII6- Nanau_C_S,,,,,,,,,,,,,,,,,,,,,,,,,,,
,,,,,Engleza-C-PIII2- Schwab_A,,,,,,,,,,,,,,AF-S-PP1- Ciupala_L_A,,,,,,,,,,,,,,,,,,,,,,,,,,,
,,10LF432,A,Engleza-C-PIII1- Schwab_A,,AM-C-PIII2- Chirila_A,PE-C-PIII2- Beldianu_I,,,,,,Birotica-C-PIII2- Enache-David_N,AF-C-PIII2- Ciupala_L_A,TSI-C-PIII2- Carstea_C_G,,,,AF-S-PP1- Ciupala_L_A,PJ-L-PII6- Nanau_C_S,AF-L-PII7- Ciupala_L_A,,,,PE-S-PII1- Stoica_R,AM-S-PII1- Chirila_A,Bir-L-PII4- Duca_D_M,PJ-C-PII1- Sangeorzan_L,,,,,,,,,,,,,,,,,,
,,,,,Engleza-C-PIII2- Schwab_A,,,,,,,,,,,TSI-L-PII3- Carstea_C_G,,,PJ-L-PII6- Nanau_C_S,,,,,,,,,,,,,,,,,,,,,,,,,,,
,,,B,Engleza-C-PIII1- Schwab_A,,,,,,,,,,,,,,,AF-S-PP1- Ciupala_L_A,,,,,,,,,,,,,,,,,,,,,,,,,,,
,,,,,Engleza-C-PIII2- Schwab_A,,,,,,,,,,,TSI-L-PII3- Carstea_C_G,,,PJ-L-PII6- Nanau_C_S,,,,,,,,,,,,,,,,,,,,,,,,,,,
,,,,LUNI,,,,,,,MARTI,,,,,,,MIERCURI,,,,,,,JOI,,,,,,,VINERI,,,,,,,SÂMBATA,,,,,,,
Anul,Spec.,Grupa,Sgr.,8-00-9-50,10-00-11-50,12-00-13-50,14-00-15-50,16-00-17-50,18-00-19-50,20-00-21-50,8-00-9-50,10-00-11-50,12-00-13-50,14-00-15-50,16-00-17-50,18-00-19-50,20-00-21-50,8-00-9-50,10-00-11-50,12-00-13-50,14-00-15-50,16-00-17-50,18-00-19-50,20-00-21-50,8-00-9-50,10-00-11-50,12-00-13-50,14-00-15-50,16-00-17-50,18-00-19-50,20-00-21-50,8-00-9-50,10-00-11-50,12-00-13-50,14-00-15-50,16-00-17-50,18-00-19-50,20-00-21-50,8-00-9-50,10-00-11-50,12-00-13-50,14-00-15-50,16-00-17-50,18-00-19-50,20-00-21-50,
2.0,MI,10LF121,A,ED-C-PI1- Marin_M,ED-S-PI1- Marin_M,,PSE-C-PII2- Turculet_A_R,PSE-S-PIII2- Lazar_C_M,,,,,,,,,,AC-C-PP6- Raducanu_D,AC-S-PP6- Raducanu_D,,,,,,,LTM-C-PP6- Savin_D,LTM-S-PP6- Savin_D,GD-C-PP6- Aldea_C_N,GD-S-PP6- Aldea_C_N,,,,PJ-C-PII2- Nanau_C_S,PJ-L-PII6- Nanau_C_S,,,EdFiz2-S-SCol 1- Tohanean_D_I,,,,,,,,,
,,,,,,,,,,,,,,,,,,,,,,,,,,,,,,,,,,,,,,,,,,,,,,
,,,B,,,,,,,,,,,,,,,,,,,,,,,,,,,,,,,,,,,,,,,,,,,
,,,,,,,,,,,,,,,,,,,,,,,,,,,,,,,,,,,,,,,,,,,,,,
2.0,I,10LF221,A,LFC-S-PII1- Nistor-Serban_A,,,PSE-C-PII2- Turculet_A_R,PSE-S-PIII2- Lazar_C_M,MIP-C-PII2- Dumitrescu_S_R,,,,,,,,,,,MC-C-PII2- Baicoianu_A,LFC-C-PIII1- Baicoianu_A,BD-C-PIII1- Aldea_C_L,AG-C-PIII1- Deaconu_A_M,,IA-C-PIII2- Sasu_L_M,IA-L-PII5- Nutu_M,,,,,,BD-L-PII4- Nistor-Serban_A,MIP-L-PII4- Ritan_L,MC-L-PII4- Popa_I,AG-L-PII4- Spridon_D_E,,EdFiz2-S-SCol 1- Tohanean_D_I,,,,,,,,,
,,,,LFC-L-PP5- Plajer_I_C,,,,,,,,,,,,,,,,,LFC-C-PIII1- Plajer_I_C,,,,,,,,,,,,,,,,,,,,,,,,,
,,,B,LFC-S-PII1- Nistor-Serban_A,,,,,,,,,,,,,,,,,LFC-C-PIII1- Baicoianu_A,,,,,,,,,,,,,,,,,,,,,,,,,
,,,,LFC-L-PP5- Plajer_I_C,,,,,,,,,,,,,,,,,LFC-C-PIII1- Plajer_I_C,,,,,,,,,,,,,,,,,,,,,,,,,
,,10LF222,A,LFC-L-PP5- Plajer_I_C,MIP-L-PII6- Ritan_L,,PSE-C-PII2- Turculet_A_R,PSE-S-PIII2- Lazar_C_M,MIP-C-PII2- Dumitrescu_S_R,,BD-L-PII6- Nistor-Serban_A,IA-L-PII6- Nutu_M,,,,,,,,MC-C-PII2- Baicoianu_A,LFC-C-PIII1- Baicoianu_A,BD-C-PIII1- Aldea_C_L,AG-C-PIII1- Deaconu_A_M,,IA-C-PIII2- Sasu_L_M,,,,,,,AG-L-PII6- Ritan_L,MC-L-PII6- Popa_I,,,,EdFiz2-S-SCol 1- Tohanean_D_I,,,,,,,,,
,,,,LFC-S-PII1- Nistor-Serban_A,,,,,,,,,,,,,,,,,LFC-C-PIII1- Plajer_I_C,,,,,,,,,,,,,,,,,,,,,,,,,
,,,B,LFC-L-PP5- Plajer_I_C,,,,,,,,,,,,,,,,,LFC-C-PIII1- Baicoianu_A,,,,,,,,,,,,,,,,,,,,,,,,,
,,,,LFC-S-PII1- Nistor-Serban_A,,,,,,,,,,,,,,,,,LFC-C-PIII1- Plajer_I_C,,,,,,,,,,,,,,,,,,,,,,,,,
,,10LF223,A,IA-L-PII5- Nutu_M,LFC-S-PII1- Nistor-Serban_A,,PSE-C-PII2- Turculet_A_R,PSE-S-PIII2- Lazar_C_M,MIP-C-PII2- Dumitrescu_S_R,,AG-L-PII4- Spridon_D_E,,,,,,,,,MC-C-PII2- Baicoianu_A,LFC-C-PIII1- Baicoianu_A,BD-C-PIII1- Aldea_C_L,AG-C-PIII1- Deaconu_A_M,,IA-C-PIII2- Sasu_L_M,,,,,,,MC-L-PII3- Popa_I,BD-L-PII3- Nistor-Serban_A,MIP-L-PII3- Ritan_L,,,EdFiz2-S-SCol 1- Tohanean_D_I,,,,,,,,,
,,,,,LFC-L-PP5- Plajer_I_C,,,,,,,,,,,,,,,,LFC-C-PIII1- Plajer_I_C,,,,,,,,,,,,,,,,,,,,,,,,,
,,,B,,LFC-S-PII1- Nistor-Serban_A,,,,,,,,,,,,,,,,LFC-C-PIII1- Baicoianu_A,,,,,,,,,,,,,,,,,,,,,,,,,
,,,,,LFC-L-PP5- Plajer_I_C,,,,,,,,,,,,,,,,LFC-C-PIII1- Plajer_I_C,,,,,,,,,,,,,,,,,,,,,,,,,
,,10LF224,A,,LFC-L-PP5- Plajer_I_C,MIP-L-PII6- Ritan_L,PSE-C-PII2- Turculet_A_R,PSE-S-PIII2- Lazar_C_M,MIP-C-PII2- Dumitrescu_S_R,,IA-L-PII7- Nutu_M,BD-L-PII7- Nistor-Serban_A,,,,,,,,MC-C-PII2- Baicoianu_A,LFC-C-PIII1- Baicoianu_A,BD-C-PIII1- Aldea_C_L,AG-C-PIII1- Deaconu_A_M,,IA-C-PIII2- Sasu_L_M,,,,,,,,,,MC-L-PII6- Popa_I,AG-L-PII4- Spridon_D_E,EdFiz2-S-SCol 1- Tohanean_D_I,,,,,,,,,
,,,,,LFC-S-PII1- Nistor-Serban_A,,,,,,,,,,,,,,,,LFC-C-PIII1- Plajer_I_C,,,,,,,,,,,,,,,,,,,,,,,,,
,,,B,,LFC-L-PP5- Plajer_I_C,,,,,,,,,,,,,,,,LFC-C-PIII1- Baicoianu_A,,,,,,,,,,,,,,,,,,,,,,,,,
,,,,,LFC-S-PII1- Nistor-Serban_A,,,,,,,,,,,,,,,,LFC-C-PIII1- Plajer_I_C,,,,,,,,,,,,,,,,,,,,,,,,,
2.0,IA,10LF321,A,G3D-C-PII2- Ichim_S,,,PSE-C-PII2- Turculet_A_R,,PSE-S-PIII2- Lazar_C_M,,G3D-L-PII5- Ichim_S,MIP-L-PII5- Duca_D_M,,,MC-L-PP1- Popa_I,,,,,MIP-C-PI2- Bocu_R,LFC-C-PIII1- Baicoianu_A,BD-C-PIII1- Aldea_C_L,AG-C-PIII1- Deaconu_A_M,,LFC-S-PI1- Nistor-Serban_A,BD-L-PII6- Nistor-Serban_A,AG-L-PIII4- Nanau_C_S,MC-C-PIII2- Baicoianu_A,,,,,,,,,,,,,,,,,,
,,,,,,,,,,,,,,,,,,,,,LFC-C-PIII1- Plajer_I_C,,,,LFC-L-PII4- Popa_I,,,,,,,,,,,,,,,,,,,,,
,,,B,,,,,,,,,,,,,,,,,,LFC-C-PIII1- Baicoianu_A,,,,LFC-S-PI1- Nistor-Serban_A,,,,,,,,,,,,,,,,,,,,,
,,,,,,,,,,,,,,,,,,,,,LFC-C-PIII1- Plajer_I_C,,,,LFC-L-PII4- Popa_I,,,,,,,,,,,,,,,,,,,,,
,,10LF322,A,G3D-C-PII2- Ichim_S,,,PSE-C-PII2- Turculet_A_R,,PSE-S-PIII2- Lazar_C_M,,,,BD-L-PII6- Nistor-Serban_A,MC-L-PII6- Popa_I,AG-L-PII6- Spridon_D_E,MIP-L-PII6- Duca_D_M,,,,MIP-C-PI2- Bocu_R,LFC-C-PIII1- Baicoianu_A,BD-C-PIII1- Aldea_C_L,AG-C-PIII1- Deaconu_A_M,,G3D-L-PII5- Ichim_S,,LFC-S-PP5- Nistor-Serban_A,MC-C-PIII2- Baicoianu_A,,,,,,,,,,,,,,,,,,
,,,,,,,,,,,,,,,,,,,,,LFC-C-PIII1- Plajer_I_C,,,,,,LFC-L-PP5- Popa_I,,,,,,,,,,,,,,,,,,,
,,,B,,,,,,,,,,,,,,,,,,LFC-C-PIII1- Baicoianu_A,,,,,,LFC-S-PP5- Nistor-Serban_A,,,,,,,,,,,,,,,,,,,
,,,,,,,,,,,,,,,,,,,,,LFC-C-PIII1- Plajer_I_C,,,,,,LFC-L-PP5- Popa_I,,,,,,,,,,,,,,,,,,,
,,10LF323,A,G3D-C-PII2- Ichim_S,,BD-L-PIII4- Nistor-Serban_A,PSE-C-PII2- Turculet_A_R,,PSE-S-PIII2- Lazar_C_M,,,,,,,MC-L-PP1- Popa_I,,,,MIP-C-PI2- Bocu_R,LFC-C-PIII1- Baicoianu_A,BD-C-PIII1- Aldea_C_L,AG-C-PIII1- Deaconu_A_M,,LFC-L-PII4- Popa_I,AG-L-PIII4- Nanau_C_S,,MC-C-PIII2- Baicoianu_A,,,,G3D-L-PII5- Ichim_S,MIP-L-PII5- Duca_D_M,,,,,,,,,,,,,
,,,,,,,,,,,,,,,,,,,,,LFC-C-PIII1- Plajer_I_C,,,,LFC-S-PI1- Nistor-Serban_A,,,,,,,,,,,,,,,,,,,,,
,,,B,,,,,,,,,,,,,,,,,,LFC-C-PIII1- Baicoianu_A,,,,LFC-L-PII4- Popa_I,,,,,,,,,,,,,,,,,,,,,
,,,,,,,,,,,,,,,,,,,,,LFC-C-PIII1- Plajer_I_C,,,,LFC-S-PI1- Nistor-Serban_A,,,,,,,,,,,,,,,,,,,,,
2.0,IAG,10LF421,A,,,,PSE-C-PII2- Turculet_A_R,,PSE-S-PIII2- Lazar_C_M,,,SO-C-PII2- Florea_I_L,LFC-S-PIII4- Baicoianu_A,SO-L-PII5- Florea_I_L,AG-C-PII2- Ciupala_L_A,,,MIP-C-PI2- Monescu_V,LFC-C-PI2- Baicoianu_A,,,,,,,,AG-L-PII6- Ciupala_L_A,Prog2-C-PI1- Iacob_B,Prog2-L-PII3- Iacob_B,MIP-L-PII4- Monescu_V,,,,,,,,,,,,,,,,
,,,,,,,,,,,,,LFC-L-PIII4- Baicoianu_A,,,,,,,,,,,,,,,,,,,,,,,,,,,,,,,,,
,,,B,,,,,,,,,,LFC-S-PIII4- Baicoianu_A,,,,,,,,,,,,,,,,,,,,,,,,,,,,,,,,,
,,,,,,,,,,,,,LFC-L-PIII4- Baicoianu_A,,,,,,,,,,,,,,,,,,,,,,,,,,,,,,,,,
,,10LF422,A,,,,PSE-C-PII2- Turculet_A_R,,PSE-S-PIII2- Lazar_C_M,,,SO-C-PII2- Florea_I_L,SO-L-PII5- Florea_I_L,LFC-S-PIII4- Baicoianu_A,AG-C-PII2- Ciupala_L_A,,,MIP-C-PI2- Monescu_V,LFC-C-PI2- Baicoianu_A,,,,,,,,,Prog2-C-PI1- Iacob_B,AG-L-PII6- Ciupala_L_A,Prog2-L-PII3- Iacob_B,,,,,,,,,,,,,,,,
,,,,,,,,,,,,,,LFC-L-PIII4- Baicoianu_A,,,,,,,,,,,,,,,,,,,,,,,,,,,,,,,,
,,,B,,,,,,,,,,,LFC-S-PIII4- Baicoianu_A,,,,,,,,,,,,,,,,,,,,,,,,,,,,,,,,
,,,,,,,,,,,,,,LFC-L-PIII4- Baicoianu_A,,,,,,,,,,,,,,,,,,,,,,,,,,,,,,,,
,,,,LUNI,,,,,,,MARTI,,,,,,,MIERCURI,,,,,,,JOI,,,,,,,VINERI,,,,,,,SÂMBATA,,,,,,,
Anul,Spec.,Grupa,Sgr.,8-00-9-50,10-00-11-50,12-00-13-50,14-00-15-50,16-00-17-50,18-00-19-50,20-00-21-50,8-00-9-50,10-00-11-50,12-00-13-50,14-00-15-50,16-00-17-50,18-00-19-50,20-00-21-50,8-00-9-50,10-00-11-50,12-00-13-50,14-00-15-50,16-00-17-50,18-00-19-50,20-00-21-50,8-00-9-50,10-00-11-50,12-00-13-50,14-00-15-50,16-00-17-50,18-00-19-50,20-00-21-50,8-00-9-50,10-00-11-50,12-00-13-50,14-00-15-50,16-00-17-50,18-00-19-50,20-00-21-50,8-00-9-50,10-00-11-50,12-00-13-50,14-00-15-50,16-00-17-50,18-00-19-50,20-00-21-50,
3.0,MI,10LF111,A,IAC-C-PI2- Vasilescu_A,,PS-S-PI1- Nepotu_G_L,,,,,,,SM-C-PP6- Minculete_N,SM-L-PP6- Minculete_N,,,,TO-C-PI1- Popescu_O,TO-S-PI1- Popescu_O,AA-C-PP6- Savin_D,AA-S-PP6- Savin_D,,,,,AF-C-PI1- Miculescu_R,PS-C-PI1- Paltanea_E,AF-S-PP5- Anghelina_B,,,,,,,,,,,,,,,,,,
,,,,,IAC-S-PIII4- Vasilescu_A,PS-L-PII3- Nepotu_G_L,,,,,,,,,,,,,,,,,,,,,,,,,,,,,,,,,,,,,,,,
,,,B,IAC-C-PI2- Vasilescu_A,,PS-S-PI1- Nepotu_G_L,,,,,,,,SM-L-PP6- Minculete_N,,,,,,,,,,,,,,,,,,,,,,,,,,,,,,,,
,,,,,IAC-S-PIII4- Vasilescu_A,PS-L-PII3- Nepotu_G_L,,,,,,,,,,,,,,,,,,,,,,,,,,,,,,,,,,,,,,,,
3.0,I,10LF211,A,IAC-C-PI2- Vasilescu_A,,,,,,,IS-C-PII2- Iolu_M_S,PID-L-PP5- Plajer_I_C,PLF-L-PII4- Nutu_M,IS-L-PII3- Boca_L_L,,,,,,,,,,,PLF-C-PII2- Manea_A_L,IOC-C-PII2- Vasilescu_A,DAW-C-PII2- Sangeorzan_L,PID-C-PII2- Plajer_I_C,,,,IOC-L-PIII4- Vasilescu_A,DAW-L-PII7- Tohanean_D,,,,,,,,,,,,,
,,,,IAC-S-PIII4- Vasilescu_A,,,,,,,,,,,,,,,,,,,,,,,,,,,,,,,,,,,,,,,,,,
,,,B,IAC-C-PI2- Vasilescu_A,,,,,,,,,,,,,,,,,,,,,,,,,,,,,,,,,,,,,,,,,,
,,,,IAC-S-PIII4- Vasilescu_A,,,,,,,,,,,,,,,,,,,,,,,,,,,,,,,,,,,,,,,,,,
,,10LF212,A,IAC-C-PI2- Vasilescu_A,IS-L-PII4- Boca_L_L,PLF-L-PII4- Nutu_M,,,,,IS-C-PII2- Iolu_M_S,,PID-L-PP5- Plajer_I_C,,,,,,,,,,,,PLF-C-PII2- Manea_A_L,IOC-C-PII2- Vasilescu_A,DAW-C-PII2- Sangeorzan_L,PID-C-PII2- Plajer_I_C,,,,,IOC-L-PIII4- Vasilescu_A,DAW-L-PII7- Tohanean_D,,,,,,,,,,,,
,,,,IAC-S-PIII4- Vasilescu_A,,,,,,,,,,,,,,,,,,,,,,,,,,,,,,,,,,,,,,,,,,
,,,B,IAC-C-PI2- Vasilescu_A,,,,,,,,,,,,,,,,,,,,,,,,,,,,,,,,,,,,,,,,,,
,,,,IAC-S-PIII4- Vasilescu_A,,,,,,,,,,,,,,,,,,,,,,,,,,,,,,,,,,,,,,,,,,
,,10LF213,A,IAC-C-PI2- Vasilescu_A,PLF-L-PII5- Nutu_M,IS-L-PII5- Boca_L_L,PID-L-PP5- Plajer_I_C,,,,IS-C-PII2- Iolu_M_S,,,,,,,,,,,,,,PLF-C-PII2- Manea_A_L,IOC-C-PII2- Vasilescu_A,DAW-C-PII2- Sangeorzan_L,PID-C-PII2- Plajer_I_C,,,,,,IOC-L-PIII4- Vasilescu_A,DAW-L-PII7- Tohanean_D,,,,,,,,,,,
,,,,IAC-S-PIII4- Vasilescu_A,,,,,,,,,,,,,,,,,,,,,,,,,,,,,,,,,,,,,,,,,,
,,,B,IAC-C-PI2- Vasilescu_A,,,,,,,,,,,,,,,,,,,,,,,,,,,,,,,,,,,,,,,,,,
,,,,IAC-S-PIII4- Vasilescu_A,,,,,,,,,,,,,,,,,,,,,,,,,,,,,,,,,,,,,,,,,,
3.0,IA,10LF311,A,IAC-C-PI2- Vasilescu_A,,PI-L-PP5- Plajer_I_C,TW-L-PII5- Ritan_L,TW-C-PII2- Dumitrescu_S_R,,,DL-C-PI2- Musat_B,,,,,,,VVSS-L-PII4- Boca_L_L,DL-L-PIII4- Nutu_M,DAM-L-PII3- Duca_D_M,DAM-C-PII2- Bocu_R,,,,,,,,PI-C-PII2- Plajer_I_C,VVSS-C-PII2- Carstea_C_G,,,,,,,,,,,,,,,,
,,,,IAC-S-PIII4- Vasilescu_A,,,,,,,,,,,,,,,,,,,,,,,,,,,,,,,,,,,,,,,,,,
,,,B,IAC-C-PI2- Vasilescu_A,,,,,,,,,,,,,,,,,,,,,,,,,,,,,,,,,,,,,,,,,,
,,,,IAC-S-PIII4- Vasilescu_A,,,,,,,,,,,,,,,,,,,,,,,,,,,,,,,,,,,,,,,,,,
,,10LF312,A,IAC-C-PI2- Vasilescu_A,,,,TW-C-PII2- Dumitrescu_S_R,,,DL-C-PI2- Musat_B,,,,VVSS-L-PII5- Boca_L_L,TW-L-PII5- Ritan_L,,DL-L-PIII4- Nutu_M,DAM-L-PII3- Duca_D_M,PI-L-PII4- Popa_I,DAM-C-PII2- Bocu_R,,,,,,,,PI-C-PII2- Plajer_I_C,VVSS-C-PII2- Carstea_C_G,,,,,,,,,,,,,,,,
,,,,IAC-S-PIII4- Vasilescu_A,,,,,,,,,,,,,,,,,,,,,,,,,,,,,,,,,,,,,,,,,,
,,,B,IAC-C-PI2- Vasilescu_A,,,,,,,,,,,,,,,,,,,,,,,,,,,,,,,,,,,,,,,,,,
,,,,IAC-S-PIII4- Vasilescu_A,,,,,,,,,,,,,,,,,,,,,,,,,,,,,,,,,,,,,,,,,,
,,10LF313,A,IAC-C-PI2- Vasilescu_A,,,,TW-C-PII2- Dumitrescu_S_R,,,DL-C-PI2- Musat_B,,,,TW-L-PII4- Ritan_L,VVSS-L-PII4- Boca_L_L,,,PI-L-PII4- Popa_I,DL-L-PIII4- Nutu_M,DAM-C-PII2- Bocu_R,DAM-L-PII6- Duca_D_M,,,,,,,PI-C-PII2- Plajer_I_C,VVSS-C-PII2- Carstea_C_G,,,,,,,,,,,,,,,,
,,,,IAC-S-PIII4- Vasilescu_A,,,,,,,,,,,,,,,,,,,,,,,,,,,,,,,,,,,,,,,,,,
,,,B,IAC-C-PI2- Vasilescu_A,,,,,,,,,,,,,,,,,,,,,,,,,,,,,,,,,,,,,,,,,,
,,,,IAC-S-PIII4- Vasilescu_A,,,,,,,,,,,,,,,,,,,,,,,,,,,,,,,,,,,,,,,,,,
3.0,IAG,10LF411,A,IAC-C-PI2- Vasilescu_A,TW-L-PII7- Tohanean_D,BDD-L-PII7- Aldea_C_L,SAP-L-PII6- Tohanean_D,,,,,,,DI-C-TI6- Nicolae_I,DI-L-TI6- Nicolae_I,,,,,,,SAP-C-PII7- Tohanean_S,SSI-C-PI1- Aldea_C_L,,,TW-C-PII7- Sangeorzan_L,,,SSI-L-PII5- Aldea_C_L,BDD-C-PII1- Aldea_C_L,,,,,,,,,,,,,,,,
,,,,IAC-S-PIII4- Vasilescu_A,,,,,,,,,,,,,,,,,,,,,,,,,,,,,,,,,,,,,,,,,,
,,,B,IAC-C-PI2- Vasilescu_A,,,,,,,,,,,,,,,,,,,,,,,,,,,,,,,,,,,,,,,,,,
,,,,IAC-S-PIII4- Vasilescu_A,,,,,,,,,,,,,,,,,,,,,,,,,,,,,,,,,,,,,,,,,,
,,,,LUNI,,,,,,,MARTI,,,,,,,MIERCURI,,,,,,,JOI,,,,,,,VINERI,,,,,,,SÂMBATA,,,,,,,
Anul,Spec.,Grupa,Sgr.,8-00-9-50,10-00-11-50,12-00-13-50,14-00-15-50,16-00-17-50,18-00-19-50,20-00-21-50,8-00-9-50,10-00-11-50,12-00-13-50,14-00-15-50,16-00-17-50,18-00-19-50,20-00-21-50,8-00-9-50,10-00-11-50,12-00-13-50,14-00-15-50,16-00-17-50,18-00-19-50,20-00-21-50,8-00-9-50,10-00-11-50,12-00-13-50,14-00-15-50,16-00-17-50,18-00-19-50,20-00-21-50,8-00-9-50,10-00-11-50,12-00-13-50,14-00-15-50,16-00-17-50,18-00-19-50,20-00-21-50,8-00-9-50,10-00-11-50,12-00-13-50,14-00-15-50,16-00-17-50,18-00-19-50,20-00-21-50,
1.0,SMFA,10MF131,A,,,,GR-C-PP6- Aldea_C_N,GR-S-PP6- Aldea_C_N,TR-C-PP6- Voicu_N,,,,,TGFA-C-PI2- Raducanu_D,TGFA-S-PI2- Raducanu_D,,,,,,,TF-C-PP6- Miculescu_R,TF-S-PP6- Miculescu_R,,,,,,TPF-C-PI1- Popescu_O,TPF-C-PI1- Popescu_O,,,,,,,,,,,,,,,,
,,,,,,,,TR-S-PP6- Voicu_N,,,,,,,,,,,,,,,,,,,,,,,,,,,,,,,,,,,,,,
,,,B,,,,,GR-S-PP6- Aldea_C_N,,,,,,,,,,,,,,,TF-S-PP6- Miculescu_R,,,,,,,TPF-C-PI1- Popescu_O,,,,,,,,,,,,,,,,
,,,,,,,,TR-S-PP6- Voicu_N,,,,,,,,,,,,,,,,,,,,,,,,,,,,,,,,,,,,,,
1.0,TIN,10MF231,A,,,,,BTI-C-PIII4- Demeter_R,BTI-L-PIII4- Vasilescu_A,,,,,,,TIM-C-PII2- Sangeorzan_L,,,,,,MP-C-PII2- Carstea_C_G,,,,,,,,,,,,,DAW1-C-PII2- Galmeanu_H,TIM-L-PII7- Tohanean_D,DAW1-L-PII6- Galmeanu_H,,,,,,,,,
,,,,,,,,BTI-C-PIII4- Vasilescu_A,BTI-L-PII6- Demeter_R,,,,,,,,,,,,,,MP-L-PII5- Carstea_C_G,,,,,,,,,,,,,,,,,,,,,,,
,,,B,,,,,BTI-C-PIII4- Demeter_R,BTI-L-PIII4- Vasilescu_A,,,,,,,,,,,,,,,,,,,,,,,,,,,,,,,,,,,,,
,,,,,,,,BTI-C-PIII4- Vasilescu_A,BTI-L-PII6- Demeter_R,,,,,,,,,,,,,,MP-L-PII5- Carstea_C_G,,,,,,,,,,,,,,,,,,,,,,,
,,10MF232,A,,,,,BTI-C-PIII4- Demeter_R,BTI-L-PII6- Demeter_R,,,,,,,TIM-C-PII2- Sangeorzan_L,,,,,,MP-C-PII2- Carstea_C_G,MP-L-PII5- Carstea_C_G,,,,,,,,,,,,DAW1-C-PII2- Galmeanu_H,DAW1-L-PII6- Galmeanu_H,TIM-L-PII7- Tohanean_D,,,,,,,,,
,,,,,,,,BTI-C-PIII4- Vasilescu_A,BTI-L-PIII4- Vasilescu_A,,,,,,,,,,,,,,,,,,,,,,,,,,,,,,,,,,,,,
,,,B,,,,,BTI-C-PIII4- Demeter_R,BTI-L-PII6- Demeter_R,,,,,,,,,,,,,,MP-L-PII5- Carstea_C_G,,,,,,,,,,,,,,,,,,,,,,,
,,,,,,,,BTI-C-PIII4- Vasilescu_A,BTI-L-PIII4- Vasilescu_A,,,,,,,,,,,,,,,,,,,,,,,,,,,,,,,,,,,,,
1.0,TMIS,10MF331,A,,,,,ASSE-C-PII1- Sasu_L_M,ASSE-L-PII4- Sasu_L_M,,,,,,TPD-L-PII3- Chirobocia_I,TPD-C-PIII2- Dumitrescu_S_R,,,,,,PDM-C-PII3- Bocu_R,PDM-L-PII3- Bocu_R,,,,,,IDS-C-PIII2- Sasu_L_M,IDS-L-PII5- Sasu_L_M,,,,,,,,,,,,,,,,
,,,,,,,,,,,,,,,,,,,,,,,,,,,,,,,,,,,,,,,,,,,,,,
,,,B,,,,,,,,,,,,,,,,,,,,,,,,,,,,,,,,,,,,,,,,,,,
,,,,,,,,,,,,,,,,,,,,,,,,,,,,,,,,,,,,,,,,,,,,,,
1.0,MITB,10MF431,A,,,,,ABAP-S-PII6- Tohanean_D,TWPI-C-PII7- Sangeorzan_L,,,,,,ABAP-C-PII7- Tohanean_S,MBDI-C-PII7- Aldea_C_L,,,,,,AS-C-PP1- Streitferdt_C,AS-L-PP1- Streitferdt_C,,,,,,SHSI-S-PII7- Cotfas_P,SHSI-C-PII7- Cotfas_P,,,,,,,,,,,,,,,,
,,,,,,,,TWPI-L-PII7- Sangeorzan_L,,,,,,,,,MBDI-L-PII7- Aldea_C_L,,,,,,,,,,,,,,,,,,,,,,,,,,,,,
,,,B,,,,,ABAP-S-PII6- Tohanean_D,,,,,,,,,,,,,,,AS-L-PP1- Streitferdt_C,,,,,,,SHSI-C-PII7- Cotfas_P,,,,,,,,,,,,,,,,
,,,,,,,,TWPI-L-PII7- Sangeorzan_L,,,,,,,,,MBDI-L-PII7- Aldea_C_L,,,,,,,,,,,,,,,,,,,,,,,,,,,,,
,,,,LUNI,,,,,,,MARTI,,,,,,,MIERCURI,,,,,,,JOI,,,,,,,VINERI,,,,,,,SÂMBATA,,,,,,,
Anul,Spec.,Grupa,Sgr.,8-00-9-50,10-00-11-50,12-00-13-50,14-00-15-50,16-00-17-50,18-00-19-50,20-00-21-50,8-00-9-50,10-00-11-50,12-00-13-50,14-00-15-50,16-00-17-50,18-00-19-50,20-00-21-50,8-00-9-50,10-00-11-50,12-00-13-50,14-00-15-50,16-00-17-50,18-00-19-50,20-00-21-50,8-00-9-50,10-00-11-50,12-00-13-50,14-00-15-50,16-00-17-50,18-00-19-50,20-00-21-50,8-00-9-50,10-00-11-50,12-00-13-50,14-00-15-50,16-00-17-50,18-00-19-50,20-00-21-50,8-00-9-50,10-00-11-50,12-00-13-50,14-00-15-50,16-00-17-50,18-00-19-50,20-00-21-50,
2.0,SMFA,10MF121,A,,,,,CI-C-PI1- Minculete_N,CI-S-PI1- Minculete_N,,,,,,TA-C-PP6- Paltanea_R,TA-S-PP6- Paltanea_R,,,,,,,SS-S-PII2- Voicu_N,,,,,SS-S-PP1- Marin_M,FS-C-PII1- Paltanea_E,FS-S-PP5- Paltanea_E,,,,,,,,,,,,,,,,
,,,,,,,,,,,,,,,,,,,,,,,SS-S-PII2- Miculescu_R,,,,,SS-S-PP1- Paltanea_R,,FS-L-PP5- Paltanea_E,,,,,,,,,,,,,,,,
,,,B,,,,,,,,,,,,,,,,,,,,SS-S-PII2- Voicu_N,,,,,SS-S-PP1- Marin_M,,FS-S-PP5- Paltanea_E,,,,,,,,,,,,,,,,
,,,,,,,,,,,,,,,,,,,,,,,SS-S-PII2- Miculescu_R,,,,,SS-S-PP1- Paltanea_R,,FS-L-PP5- Paltanea_E,,,,,,,,,,,,,,,,
2.0,TIN,10MF221,A,,,,,DAW2-C-ICDT_SW3- Kristaly_D_M,DAW2-L-ICDT_SW3- Kristaly_D_M,,,,,,,IDW-L-PI1- Enache-David_N,,,,,,CPD-L-ICDT_L5.1- Vizitiu_C,,,,,,,GRW-C-ICDT_L5.1- Moraru_S_A,GRW-L-ICDT_L5.1- Moraru_S_A,,,,,,,,,,,,,,,,
,,,,,,,,,,,,,,,IDW-L-PP5- Enache-David_N,,,,,,CPD-C-ICDT_L5.1- Vizitiu_C,,,,,,,,,,,,,,,,,,,,,,,,,
,,,B,,,,,DAW2-C-ICDT_SW3- Kristaly_D_M,,,,,,,,,,,,,,,,,,,,,,,,,,,,,,,,,,,,,,
,,,,,,,,,,,,,,,IDW-L-PP5- Enache-David_N,,,,,,CPD-C-ICDT_L5.1- Vizitiu_C,,,,,,,,,,,,,,,,,,,,,,,,,
2.0,TMIS,10MF321,A,,,,,EAGC-L-ICDT_L5.1- Deaconu_A_M,EAGC-C-ICDT_L5.1- Deaconu_A_M,,,,,,PFN-C-PIII4- Vasilescu_A,PFN-L-PIII4- Vasilescu_A,,,,,,CC-C-PIII4- Galmeanu_H,CC-L-PIII4- Galmeanu_H,,,,,,ARC-C-PP1- Bocu_R,ARC-L-PII6- Bocu_R,,,,,,,,,,,,,,,,
,,,,,,,,,,,,,,,,,,,,,,,,,,,,,,,,,,,,,,,,,,,,,,
,,,B,,,,,EAGC-L-ICDT_L5.1- Deaconu_A_M,,,,,,,,,,,,,,,,,,,,,,,,,,,,,,,,,,,,,,
,,,,,,,,,,,,,,,,,,,,,,,,,,,,,,,,,,,,,,,,,,,,,,
2.0,MITB,10MF421,A,,,,TRLD-C-PII7- Sangeorzan_L,EIA-C-PII7- Sangeorzan_L,AR-C-PII1- Aldea_C_L,,,,,,,,,,,,,,MAJ-C-PII7- Tohanean_S,,,,,,,,,,,,,,,,,,,,,,,
,,,,,,,TRLD-S-PII7- Sangeorzan_L,AR-S-PII6- Aldea_C_L,,,,,,,,,,,,,,,MAJ-S-PII7- Tohanean_S,,,,,,,,,,,,,,,,,,,,,,,
,,,B,,,,TRLD-C-PII7- Sangeorzan_L,EIA-C-PII7- Sangeorzan_L,,,,,,,,,,,,,,,MAJ-C-PII7- Tohanean_S,,,,,,,,,,,,,,,,,,,,,,,
,,,,,,,TRLD-S-PII7- Sangeorzan_L,AR-S-PII6- Aldea_C_L,,,,,,,,,,,,,,,MAJ-S-PII7- Tohanean_S,,,,,,,,,,,,,,,,,,,,,,,
